LocationXYZ,BlockType,Command,CommandOptions,RoomName,FeatureType
-2217 60 -2,gravel,NA,NA,NA,obstruction
-2217 61 -2,gravel,NA,NA,NA,obstruction
-2217 62 -2,gravel,NA,NA,NA,obstruction
-2216 60 -2,gravel,NA,NA,NA,obstruction
-2216 61 -2,gravel,NA,NA,NA,obstruction
-2202 60 -1,gravel,NA,NA,NA,obstruction
-2202 61 -1,gravel,NA,NA,NA,obstruction
-2202 62 -1,gravel,NA,NA,NA,obstruction
-2201 60 -1,gravel,NA,NA,NA,obstruction
-2200 60 -1,gravel,NA,NA,NA,obstruction
-2200 61 -1,gravel,NA,NA,NA,obstruction
-2199 60 -1,gravel,NA,NA,NA,obstruction
-2199 61 -1,gravel,NA,NA,NA,obstruction
-2199 62 -1,gravel,NA,NA,NA,obstruction
-2195 60 -1,gravel,NA,NA,NA,obstruction
-2182 60 -1,gravel,NA,NA,NA,obstruction
-2182 61 -1,gravel,NA,NA,NA,obstruction
-2182 62 -1,gravel,NA,NA,NA,obstruction
-2178 60 -1,gravel,NA,NA,NA,obstruction
-2178 61 -1,gravel,NA,NA,NA,obstruction
-2178 62 -1,gravel,NA,NA,NA,obstruction
-2143 60 -1,gravel,NA,NA,NA,obstruction
-2143 61 -1,gravel,NA,NA,NA,obstruction
-2143 62 -1,gravel,NA,NA,NA,obstruction
-2142 60 -1,gravel,NA,NA,NA,obstruction
-2142 61 -1,gravel,NA,NA,NA,obstruction
-2141 60 -1,gravel,NA,NA,NA,obstruction
-2141 61 -1,gravel,NA,NA,NA,obstruction
-2129 60 -1,gravel,NA,NA,NA,obstruction
-2129 61 -1,gravel,NA,NA,NA,obstruction
-2220 60 0,gravel,NA,NA,NA,obstruction
-2220 61 0,gravel,NA,NA,NA,obstruction
-2205 60 0,block_victim_1,NA,NA,NA,victim
-2204 60 0,gravel,NA,NA,NA,obstruction
-2204 61 0,gravel,NA,NA,NA,obstruction
-2204 62 0,gravel,NA,NA,NA,obstruction
-2202 60 0,gravel,NA,NA,NA,obstruction
-2202 61 0,gravel,NA,NA,NA,obstruction
-2202 62 0,gravel,NA,NA,NA,obstruction
-2195 60 0,gravel,NA,NA,NA,obstruction
-2195 61 0,gravel,NA,NA,NA,obstruction
-2182 60 0,gravel,NA,NA,NA,obstruction
-2182 61 0,gravel,NA,NA,NA,obstruction
-2178 60 0,gravel,NA,NA,NA,obstruction
-2178 61 0,gravel,NA,NA,NA,obstruction
-2143 60 0,gravel,NA,NA,NA,obstruction
-2143 61 0,gravel,NA,NA,NA,obstruction
-2143 62 0,gravel,NA,NA,NA,obstruction
-2141 60 0,gravel,NA,NA,NA,obstruction
-2141 61 0,gravel,NA,NA,NA,obstruction
-2130 60 0,gravel,NA,NA,NA,obstruction
-2130 61 0,gravel,NA,NA,NA,obstruction
-2130 62 0,gravel,NA,NA,NA,obstruction
-2129 60 0,gravel,NA,NA,NA,obstruction
-2129 61 0,gravel,NA,NA,NA,obstruction
-2129 62 0,gravel,NA,NA,NA,obstruction
-2115 60 0,gravel,NA,NA,NA,obstruction
-2115 61 0,gravel,NA,NA,NA,obstruction
-2114 60 0,gravel,NA,NA,NA,obstruction
-2114 61 0,gravel,NA,NA,NA,obstruction
-2114 62 0,gravel,NA,NA,NA,obstruction
-2113 60 0,gravel,NA,NA,NA,obstruction
-2113 61 0,gravel,NA,NA,NA,obstruction
-2113 62 0,gravel,NA,NA,NA,obstruction
-2112 60 0,gravel,NA,NA,NA,obstruction
-2112 61 0,gravel,NA,NA,NA,obstruction
-2112 62 0,gravel,NA,NA,NA,obstruction
-2111 60 0,gravel,NA,NA,NA,obstruction
-2111 61 0,gravel,NA,NA,NA,obstruction
-2221 60 1,block_victim_1,NA,NA,NA,victim
-2220 60 1,gravel,NA,NA,NA,obstruction
-2220 61 1,gravel,NA,NA,NA,obstruction
-2220 62 1,gravel,NA,NA,NA,obstruction
-2206 60 1,gravel,NA,NA,NA,obstruction
-2206 61 1,gravel,NA,NA,NA,obstruction
-2204 60 1,gravel,NA,NA,NA,obstruction
-2204 61 1,gravel,NA,NA,NA,obstruction
-2202 59 1,block_rubble_collapse,NA,-2202 60 1 -2202 62 1,NA,collapse threat
-2195 60 1,gravel,NA,NA,NA,obstruction
-2195 61 1,gravel,NA,NA,NA,obstruction
-2195 62 1,gravel,NA,NA,NA,obstruction
-2193 60 1,block_victim_proximity,NA,NA,NA,victim
-2182 60 1,gravel,NA,NA,NA,obstruction
-2182 61 1,gravel,NA,NA,NA,obstruction
-2182 62 1,gravel,NA,NA,NA,obstruction
-2181 60 1,gravel,NA,NA,NA,obstruction
-2181 61 1,gravel,NA,NA,NA,obstruction
-2180 60 1,gravel,NA,NA,NA,obstruction
-2180 61 1,gravel,NA,NA,NA,obstruction
-2180 62 1,gravel,NA,NA,NA,obstruction
-2179 60 1,gravel,NA,NA,NA,obstruction
-2179 61 1,gravel,NA,NA,NA,obstruction
-2178 60 1,gravel,NA,NA,NA,obstruction
-2178 61 1,gravel,NA,NA,NA,obstruction
-2178 62 1,gravel,NA,NA,NA,obstruction
-2220 60 2,gravel,NA,NA,NA,obstruction
-2220 61 2,gravel,NA,NA,NA,obstruction
-2206 60 2,gravel,NA,NA,NA,obstruction
-2206 61 2,gravel,NA,NA,NA,obstruction
-2205 60 2,block_victim_1,NA,NA,NA,victim
-2204 60 2,gravel,NA,NA,NA,obstruction
-2204 61 2,gravel,NA,NA,NA,obstruction
-2204 62 2,gravel,NA,NA,NA,obstruction
-2202 60 2,gravel,NA,NA,NA,obstruction
-2202 61 2,gravel,NA,NA,NA,obstruction
-2202 62 2,gravel,NA,NA,NA,obstruction
-2195 60 2,gravel,NA,NA,NA,obstruction
-2195 61 2,gravel,NA,NA,NA,obstruction
-2224 60 3,gravel,NA,NA,NA,obstruction
-2224 61 3,gravel,NA,NA,NA,obstruction
-2220 60 3,gravel,NA,NA,NA,obstruction
-2220 61 3,gravel,NA,NA,NA,obstruction
-2220 62 3,gravel,NA,NA,NA,obstruction
-2206 60 3,gravel,NA,NA,NA,obstruction
-2206 61 3,gravel,NA,NA,NA,obstruction
-2205 60 3,gravel,NA,NA,NA,obstruction
-2205 61 3,gravel,NA,NA,NA,obstruction
-2205 62 3,gravel,NA,NA,NA,obstruction
-2204 60 3,gravel,NA,NA,NA,obstruction
-2204 61 3,gravel,NA,NA,NA,obstruction
-2202 60 3,gravel,NA,NA,NA,obstruction
-2202 61 3,gravel,NA,NA,NA,obstruction
-2202 62 3,gravel,NA,NA,NA,obstruction
-2195 60 3,gravel,NA,NA,NA,obstruction
-2195 61 3,gravel,NA,NA,NA,obstruction
-2195 62 3,gravel,NA,NA,NA,obstruction
-2099 60 3,block_victim_1,NA,NA,NA,victim
-2097 60 3,gravel,NA,NA,NA,obstruction
-2097 61 3,gravel,NA,NA,NA,obstruction
-2094 60 3,gravel,NA,NA,NA,obstruction
-2094 61 3,gravel,NA,NA,NA,obstruction
-2224 60 4,gravel,NA,NA,NA,obstruction
-2224 61 4,gravel,NA,NA,NA,obstruction
-2223 60 4,block_victim_1,NA,NA,NA,victim
-2220 60 4,gravel,NA,NA,NA,obstruction
-2220 61 4,gravel,NA,NA,NA,obstruction
-2202 60 4,gravel,NA,NA,NA,obstruction
-2202 61 4,gravel,NA,NA,NA,obstruction
-2097 60 4,gravel,NA,NA,NA,obstruction
-2097 61 4,gravel,NA,NA,NA,obstruction
-2097 62 4,gravel,NA,NA,NA,obstruction
-2094 60 4,gravel,NA,NA,NA,obstruction
-2094 61 4,gravel,NA,NA,NA,obstruction
-2094 62 4,gravel,NA,NA,NA,obstruction
-2224 60 5,gravel,NA,NA,NA,obstruction
-2224 61 5,gravel,NA,NA,NA,obstruction
-2224 62 5,gravel,NA,NA,NA,obstruction
-2223 60 5,gravel,NA,NA,NA,obstruction
-2223 61 5,gravel,NA,NA,NA,obstruction
-2222 60 5,gravel,NA,NA,NA,obstruction
-2222 61 5,gravel,NA,NA,NA,obstruction
-2222 62 5,gravel,NA,NA,NA,obstruction
-2221 60 5,gravel,NA,NA,NA,obstruction
-2221 61 5,gravel,NA,NA,NA,obstruction
-2220 60 5,gravel,NA,NA,NA,obstruction
-2220 61 5,gravel,NA,NA,NA,obstruction
-2220 62 5,gravel,NA,NA,NA,obstruction
-2163 60 5,block_victim_1,NA,NA,NA,victim
-2146 60 5,gravel,NA,NA,NA,obstruction
-2146 61 5,gravel,NA,NA,NA,obstruction
-2145 60 5,gravel,NA,NA,NA,obstruction
-2145 61 5,gravel,NA,NA,NA,obstruction
-2097 60 5,gravel,NA,NA,NA,obstruction
-2097 61 5,gravel,NA,NA,NA,obstruction
-2094 59 5,block_rubble_collapse,NA,-2094 60 5 -2094 62 5,NA,collapse threat
-2145 60 6,gravel,NA,NA,NA,obstruction
-2145 61 6,gravel,NA,NA,NA,obstruction
-2097 60 6,gravel,NA,NA,NA,obstruction
-2097 61 6,gravel,NA,NA,NA,obstruction
-2097 62 6,gravel,NA,NA,NA,obstruction
-2094 60 6,gravel,NA,NA,NA,obstruction
-2094 61 6,gravel,NA,NA,NA,obstruction
-2094 62 6,gravel,NA,NA,NA,obstruction
-2145 60 7,gravel,NA,NA,NA,obstruction
-2145 61 7,gravel,NA,NA,NA,obstruction
-2099 60 7,block_victim_1,NA,NA,NA,victim
-2097 60 7,gravel,NA,NA,NA,obstruction
-2097 61 7,gravel,NA,NA,NA,obstruction
-2094 59 7,block_rubble_collapse,NA,-2094 60 7 -2094 62 7,NA,collapse threat
-2182 60 8,gravel,NA,NA,NA,obstruction
-2182 61 8,gravel,NA,NA,NA,obstruction
-2181 60 8,gravel,NA,NA,NA,obstruction
-2181 61 8,gravel,NA,NA,NA,obstruction
-2181 62 8,gravel,NA,NA,NA,obstruction
-2180 60 8,gravel,NA,NA,NA,obstruction
-2180 61 8,gravel,NA,NA,NA,obstruction
-2179 60 8,gravel,NA,NA,NA,obstruction
-2179 61 8,gravel,NA,NA,NA,obstruction
-2179 62 8,gravel,NA,NA,NA,obstruction
-2171 60 8,gravel,NA,NA,NA,obstruction
-2171 61 8,gravel,NA,NA,NA,obstruction
-2171 62 8,gravel,NA,NA,NA,obstruction
-2166 60 8,gravel,NA,NA,NA,obstruction
-2166 61 8,gravel,NA,NA,NA,obstruction
-2166 62 8,gravel,NA,NA,NA,obstruction
-2159 60 8,block_victim_1,NA,NA,NA,victim
-2137 60 8,gravel,NA,NA,NA,obstruction
-2137 61 8,gravel,NA,NA,NA,obstruction
-2097 60 8,gravel,NA,NA,NA,obstruction
-2097 61 8,gravel,NA,NA,NA,obstruction
-2097 62 8,gravel,NA,NA,NA,obstruction
-2094 60 8,gravel,NA,NA,NA,obstruction
-2094 61 8,gravel,NA,NA,NA,obstruction
-2094 62 8,gravel,NA,NA,NA,obstruction
-2182 60 9,gravel,NA,NA,NA,obstruction
-2182 61 9,gravel,NA,NA,NA,obstruction
-2182 62 9,gravel,NA,NA,NA,obstruction
-2163 59 9,block_rubble_collapse,NA,-2163 60 9 -2163 62 9,NA,collapse threat
-2137 60 9,gravel,NA,NA,NA,obstruction
-2137 61 9,gravel,NA,NA,NA,obstruction
-2137 62 9,gravel,NA,NA,NA,obstruction
-2097 60 9,gravel,NA,NA,NA,obstruction
-2097 61 9,gravel,NA,NA,NA,obstruction
-2094 60 9,gravel,NA,NA,NA,obstruction
-2094 61 9,gravel,NA,NA,NA,obstruction
-2182 60 10,gravel,NA,NA,NA,obstruction
-2182 61 10,gravel,NA,NA,NA,obstruction
-2163 60 10,gravel,NA,NA,NA,obstruction
-2163 61 10,gravel,NA,NA,NA,obstruction
-2137 60 10,gravel,NA,NA,NA,obstruction
-2137 61 10,gravel,NA,NA,NA,obstruction
-2089 60 10,gravel,NA,NA,NA,obstruction
-2089 61 10,gravel,NA,NA,NA,obstruction
-2089 62 10,gravel,NA,NA,NA,obstruction
-2224 60 11,gravel,NA,NA,NA,obstruction
-2224 61 11,gravel,NA,NA,NA,obstruction
-2224 62 11,gravel,NA,NA,NA,obstruction
-2223 59 11,block_rubble_collapse,NA,-2223 60 11 -2223 62 11,NA,collapse threat
-2154 60 11,gravel,NA,NA,NA,obstruction
-2154 61 11,gravel,NA,NA,NA,obstruction
-2154 62 11,gravel,NA,NA,NA,obstruction
-2137 60 11,gravel,NA,NA,NA,obstruction
-2137 61 11,gravel,NA,NA,NA,obstruction
-2137 62 11,gravel,NA,NA,NA,obstruction
-2127 60 11,block_victim_1,NA,NA,NA,victim
-2113 60 11,gravel,NA,NA,NA,obstruction
-2113 61 11,gravel,NA,NA,NA,obstruction
-2107 60 11,gravel,NA,NA,NA,obstruction
-2107 61 11,gravel,NA,NA,NA,obstruction
-2097 60 11,gravel,NA,NA,NA,obstruction
-2089 60 11,gravel,NA,NA,NA,obstruction
-2089 61 11,gravel,NA,NA,NA,obstruction
-2089 62 11,gravel,NA,NA,NA,obstruction
-2157 60 12,gravel,NA,NA,NA,obstruction
-2156 60 12,gravel,NA,NA,NA,obstruction
-2155 60 12,gravel,NA,NA,NA,obstruction
-2154 60 12,block_victim_proximity,NA,NA,NA,victim
-2133 60 12,gravel,NA,NA,NA,obstruction
-2133 61 12,gravel,NA,NA,NA,obstruction
-2132 60 12,block_victim_1,NA,NA,NA,victim
-2131 60 12,gravel,NA,NA,NA,obstruction
-2131 61 12,gravel,NA,NA,NA,obstruction
-2124 60 12,block_victim_1,NA,NA,NA,victim
-2113 60 12,gravel,NA,NA,NA,obstruction
-2113 61 12,gravel,NA,NA,NA,obstruction
-2113 62 12,gravel,NA,NA,NA,obstruction
-2107 60 12,gravel,NA,NA,NA,obstruction
-2107 61 12,gravel,NA,NA,NA,obstruction
-2107 62 12,gravel,NA,NA,NA,obstruction
-2097 60 12,gravel,NA,NA,NA,obstruction
-2097 61 12,gravel,NA,NA,NA,obstruction
-2089 60 12,gravel,NA,NA,NA,obstruction
-2089 61 12,gravel,NA,NA,NA,obstruction
-2218 60 13,gravel,NA,NA,NA,obstruction
-2218 61 13,gravel,NA,NA,NA,obstruction
-2217 60 13,gravel,NA,NA,NA,obstruction
-2217 61 13,gravel,NA,NA,NA,obstruction
-2133 60 13,gravel,NA,NA,NA,obstruction
-2133 61 13,gravel,NA,NA,NA,obstruction
-2131 60 13,gravel,NA,NA,NA,obstruction
-2131 61 13,gravel,NA,NA,NA,obstruction
-2131 62 13,gravel,NA,NA,NA,obstruction
-2113 60 13,gravel,NA,NA,NA,obstruction
-2113 61 13,gravel,NA,NA,NA,obstruction
-2107 60 13,gravel,NA,NA,NA,obstruction
-2107 61 13,gravel,NA,NA,NA,obstruction
-2097 60 13,gravel,NA,NA,NA,obstruction
-2097 61 13,gravel,NA,NA,NA,obstruction
-2097 62 13,gravel,NA,NA,NA,obstruction
-2089 60 13,gravel,NA,NA,NA,obstruction
-2089 61 13,gravel,NA,NA,NA,obstruction
-2088 60 13,gravel,NA,NA,NA,obstruction
-2088 61 13,gravel,NA,NA,NA,obstruction
-2208 60 14,gravel,NA,NA,NA,obstruction
-2208 61 14,gravel,NA,NA,NA,obstruction
-2208 62 14,gravel,NA,NA,NA,obstruction
-2207 60 14,gravel,NA,NA,NA,obstruction
-2207 61 14,gravel,NA,NA,NA,obstruction
-2206 60 14,gravel,NA,NA,NA,obstruction
-2206 61 14,gravel,NA,NA,NA,obstruction
-2206 62 14,gravel,NA,NA,NA,obstruction
-2205 60 14,gravel,NA,NA,NA,obstruction
-2205 61 14,gravel,NA,NA,NA,obstruction
-2204 60 14,gravel,NA,NA,NA,obstruction
-2204 61 14,gravel,NA,NA,NA,obstruction
-2204 62 14,gravel,NA,NA,NA,obstruction
-2203 60 14,gravel,NA,NA,NA,obstruction
-2203 61 14,gravel,NA,NA,NA,obstruction
-2202 60 14,gravel,NA,NA,NA,obstruction
-2202 61 14,gravel,NA,NA,NA,obstruction
-2202 62 14,gravel,NA,NA,NA,obstruction
-2201 60 14,gravel,NA,NA,NA,obstruction
-2201 61 14,gravel,NA,NA,NA,obstruction
-2200 60 14,gravel,NA,NA,NA,obstruction
-2200 61 14,gravel,NA,NA,NA,obstruction
-2200 62 14,gravel,NA,NA,NA,obstruction
-2199 60 14,gravel,NA,NA,NA,obstruction
-2199 61 14,gravel,NA,NA,NA,obstruction
-2198 60 14,gravel,NA,NA,NA,obstruction
-2198 61 14,gravel,NA,NA,NA,obstruction
-2198 62 14,gravel,NA,NA,NA,obstruction
-2197 60 14,gravel,NA,NA,NA,obstruction
-2197 61 14,gravel,NA,NA,NA,obstruction
-2196 60 14,gravel,NA,NA,NA,obstruction
-2196 61 14,gravel,NA,NA,NA,obstruction
-2196 62 14,gravel,NA,NA,NA,obstruction
-2181 60 14,gravel,NA,NA,NA,obstruction
-2181 61 14,gravel,NA,NA,NA,obstruction
-2169 60 14,gravel,NA,NA,NA,obstruction
-2169 61 14,gravel,NA,NA,NA,obstruction
-2168 60 14,gravel,NA,NA,NA,obstruction
-2168 61 14,gravel,NA,NA,NA,obstruction
-2131 60 14,gravel,NA,NA,NA,obstruction
-2131 61 14,gravel,NA,NA,NA,obstruction
-2124 60 14,block_victim_1,NA,NA,NA,victim
-2113 60 14,gravel,NA,NA,NA,obstruction
-2113 61 14,gravel,NA,NA,NA,obstruction
-2113 62 14,gravel,NA,NA,NA,obstruction
-2107 60 14,gravel,NA,NA,NA,obstruction
-2107 61 14,gravel,NA,NA,NA,obstruction
-2107 62 14,gravel,NA,NA,NA,obstruction
-2097 60 14,gravel,NA,NA,NA,obstruction
-2097 61 14,gravel,NA,NA,NA,obstruction
-2093 60 14,gravel,NA,NA,NA,obstruction
-2093 61 14,gravel,NA,NA,NA,obstruction
-2208 60 15,gravel,NA,NA,NA,obstruction
-2204 60 15,block_victim_1,NA,NA,NA,victim
-2201 60 15,block_victim_1,NA,NA,NA,victim
-2198 60 15,block_victim_1,NA,NA,NA,victim
-2196 60 15,gravel,NA,NA,NA,obstruction
-2196 61 15,gravel,NA,NA,NA,obstruction
-2181 60 15,gravel,NA,NA,NA,obstruction
-2181 61 15,gravel,NA,NA,NA,obstruction
-2181 62 15,gravel,NA,NA,NA,obstruction
-2179 60 15,gravel,NA,NA,NA,obstruction
-2179 61 15,gravel,NA,NA,NA,obstruction
-2179 62 15,gravel,NA,NA,NA,obstruction
-2178 60 15,gravel,NA,NA,NA,obstruction
-2178 61 15,gravel,NA,NA,NA,obstruction
-2177 60 15,gravel,NA,NA,NA,obstruction
-2177 61 15,gravel,NA,NA,NA,obstruction
-2177 62 15,gravel,NA,NA,NA,obstruction
-2176 60 15,gravel,NA,NA,NA,obstruction
-2176 61 15,gravel,NA,NA,NA,obstruction
-2162 60 15,gravel,NA,NA,NA,obstruction
-2162 61 15,gravel,NA,NA,NA,obstruction
-2162 62 15,gravel,NA,NA,NA,obstruction
-2113 60 15,gravel,NA,NA,NA,obstruction
-2113 61 15,gravel,NA,NA,NA,obstruction
-2107 60 15,gravel,NA,NA,NA,obstruction
-2107 61 15,gravel,NA,NA,NA,obstruction
-2097 60 15,gravel,NA,NA,NA,obstruction
-2097 61 15,gravel,NA,NA,NA,obstruction
-2097 62 15,gravel,NA,NA,NA,obstruction
-2093 60 15,block_victim_proximity,NA,NA,NA,victim
-2208 60 16,gravel,NA,NA,NA,obstruction
-2208 61 16,gravel,NA,NA,NA,obstruction
-2208 62 16,gravel,NA,NA,NA,obstruction
-2196 60 16,gravel,NA,NA,NA,obstruction
-2196 61 16,gravel,NA,NA,NA,obstruction
-2196 62 16,gravel,NA,NA,NA,obstruction
-2181 60 16,gravel,NA,NA,NA,obstruction
-2181 61 16,gravel,NA,NA,NA,obstruction
-2168 60 16,gravel,NA,NA,NA,obstruction
-2168 61 16,gravel,NA,NA,NA,obstruction
-2168 62 16,gravel,NA,NA,NA,obstruction
-2113 60 16,gravel,NA,NA,NA,obstruction
-2113 61 16,gravel,NA,NA,NA,obstruction
-2113 62 16,gravel,NA,NA,NA,obstruction
-2107 60 16,gravel,NA,NA,NA,obstruction
-2107 61 16,gravel,NA,NA,NA,obstruction
-2107 62 16,gravel,NA,NA,NA,obstruction
-2097 60 16,gravel,NA,NA,NA,obstruction
-2097 61 16,gravel,NA,NA,NA,obstruction
-2093 60 16,gravel,NA,NA,NA,obstruction
-2093 61 16,gravel,NA,NA,NA,obstruction
-2208 60 17,gravel,NA,NA,NA,obstruction
-2208 61 17,gravel,NA,NA,NA,obstruction
-2205 60 17,block_victim_1,NA,NA,NA,victim
-2196 60 17,gravel,NA,NA,NA,obstruction
-2196 61 17,gravel,NA,NA,NA,obstruction
-2181 60 17,gravel,NA,NA,NA,obstruction
-2181 61 17,gravel,NA,NA,NA,obstruction
-2181 62 17,gravel,NA,NA,NA,obstruction
-2169 60 17,block_victim_proximity,NA,NA,NA,victim
-2157 60 17,gravel,NA,NA,NA,obstruction
-2156 60 17,gravel,NA,NA,NA,obstruction
-2155 60 17,gravel,NA,NA,NA,obstruction
-2128 60 17,gravel,NA,NA,NA,obstruction
-2128 61 17,gravel,NA,NA,NA,obstruction
-2127 60 17,gravel,NA,NA,NA,obstruction
-2126 60 17,gravel,NA,NA,NA,obstruction
-2126 61 17,gravel,NA,NA,NA,obstruction
-2126 62 17,gravel,NA,NA,NA,obstruction
-2125 60 17,gravel,NA,NA,NA,obstruction
-2125 61 17,gravel,NA,NA,NA,obstruction
-2124 60 17,gravel,NA,NA,NA,obstruction
-2124 61 17,gravel,NA,NA,NA,obstruction
-2124 62 17,gravel,NA,NA,NA,obstruction
-2113 60 17,gravel,NA,NA,NA,obstruction
-2113 61 17,gravel,NA,NA,NA,obstruction
-2111 60 17,gravel,NA,NA,NA,obstruction
-2111 61 17,gravel,NA,NA,NA,obstruction
-2109 60 17,gravel,NA,NA,NA,obstruction
-2108 60 17,gravel,NA,NA,NA,obstruction
-2108 61 17,gravel,NA,NA,NA,obstruction
-2108 62 17,gravel,NA,NA,NA,obstruction
-2107 60 17,gravel,NA,NA,NA,obstruction
-2107 61 17,gravel,NA,NA,NA,obstruction
-2097 60 17,gravel,NA,NA,NA,obstruction
-2097 61 17,gravel,NA,NA,NA,obstruction
-2097 62 17,gravel,NA,NA,NA,obstruction
-2093 60 17,gravel,NA,NA,NA,obstruction
-2093 61 17,gravel,NA,NA,NA,obstruction
-2219 60 18,gravel,NA,NA,NA,obstruction
-2219 61 18,gravel,NA,NA,NA,obstruction
-2219 62 18,gravel,NA,NA,NA,obstruction
-2218 60 18,gravel,NA,NA,NA,obstruction
-2218 61 18,gravel,NA,NA,NA,obstruction
-2217 60 18,gravel,NA,NA,NA,obstruction
-2217 61 18,gravel,NA,NA,NA,obstruction
-2217 62 18,gravel,NA,NA,NA,obstruction
-2208 60 18,gravel,NA,NA,NA,obstruction
-2208 61 18,gravel,NA,NA,NA,obstruction
-2208 62 18,gravel,NA,NA,NA,obstruction
-2196 60 18,gravel,NA,NA,NA,obstruction
-2196 61 18,gravel,NA,NA,NA,obstruction
-2196 62 18,gravel,NA,NA,NA,obstruction
-2113 60 18,gravel,NA,NA,NA,obstruction
-2113 61 18,gravel,NA,NA,NA,obstruction
-2113 62 18,gravel,NA,NA,NA,obstruction
-2111 60 18,block_victim_proximity,NA,NA,NA,victim
-2097 60 18,gravel,NA,NA,NA,obstruction
-2097 61 18,gravel,NA,NA,NA,obstruction
-2095 60 18,gravel,NA,NA,NA,obstruction
-2095 61 18,gravel,NA,NA,NA,obstruction
-2094 60 18,gravel,NA,NA,NA,obstruction
-2094 61 18,gravel,NA,NA,NA,obstruction
-2093 60 18,gravel,NA,NA,NA,obstruction
-2093 61 18,gravel,NA,NA,NA,obstruction
-2219 60 19,gravel,NA,NA,NA,obstruction
-2219 61 19,gravel,NA,NA,NA,obstruction
-2208 60 19,gravel,NA,NA,NA,obstruction
-2208 61 19,gravel,NA,NA,NA,obstruction
-2196 60 19,gravel,NA,NA,NA,obstruction
-2196 61 19,gravel,NA,NA,NA,obstruction
-2133 60 19,block_victim_1,NA,NA,NA,victim
-2113 60 19,gravel,NA,NA,NA,obstruction
-2219 60 20,gravel,NA,NA,NA,obstruction
-2219 61 20,gravel,NA,NA,NA,obstruction
-2219 62 20,gravel,NA,NA,NA,obstruction
-2208 60 20,gravel,NA,NA,NA,obstruction
-2208 61 20,gravel,NA,NA,NA,obstruction
-2208 62 20,gravel,NA,NA,NA,obstruction
-2196 60 20,gravel,NA,NA,NA,obstruction
-2196 61 20,gravel,NA,NA,NA,obstruction
-2196 62 20,gravel,NA,NA,NA,obstruction
-2095 60 20,gravel,NA,NA,NA,obstruction
-2095 61 20,gravel,NA,NA,NA,obstruction
-2095 62 20,gravel,NA,NA,NA,obstruction
-2219 60 21,gravel,NA,NA,NA,obstruction
-2219 61 21,gravel,NA,NA,NA,obstruction
-2208 60 21,gravel,NA,NA,NA,obstruction
-2208 61 21,gravel,NA,NA,NA,obstruction
-2202 60 21,block_victim_1,NA,NA,NA,victim
-2196 60 21,gravel,NA,NA,NA,obstruction
-2180 60 21,gravel,NA,NA,NA,obstruction
-2180 61 21,gravel,NA,NA,NA,obstruction
-2095 60 21,gravel,NA,NA,NA,obstruction
-2095 61 21,gravel,NA,NA,NA,obstruction
-2219 60 22,gravel,NA,NA,NA,obstruction
-2219 61 22,gravel,NA,NA,NA,obstruction
-2219 62 22,gravel,NA,NA,NA,obstruction
-2218 60 22,gravel,NA,NA,NA,obstruction
-2218 61 22,gravel,NA,NA,NA,obstruction
-2217 60 22,gravel,NA,NA,NA,obstruction
-2217 61 22,gravel,NA,NA,NA,obstruction
-2217 62 22,gravel,NA,NA,NA,obstruction
-2180 60 22,gravel,NA,NA,NA,obstruction
-2180 61 22,gravel,NA,NA,NA,obstruction
-2180 62 22,gravel,NA,NA,NA,obstruction
-2130 60 22,block_victim_1,NA,NA,NA,victim
-2107 60 22,gravel,NA,NA,NA,obstruction
-2107 61 22,gravel,NA,NA,NA,obstruction
-2095 60 22,gravel,NA,NA,NA,obstruction
-2095 61 22,gravel,NA,NA,NA,obstruction
-2095 62 22,gravel,NA,NA,NA,obstruction
-2180 60 23,gravel,NA,NA,NA,obstruction
-2180 61 23,gravel,NA,NA,NA,obstruction
-2132 60 23,block_victim_1,NA,NA,NA,victim
-2126 60 23,gravel,NA,NA,NA,obstruction
-2113 60 23,gravel,NA,NA,NA,obstruction
-2113 61 23,gravel,NA,NA,NA,obstruction
-2107 60 23,gravel,NA,NA,NA,obstruction
-2107 61 23,gravel,NA,NA,NA,obstruction
-2107 62 23,gravel,NA,NA,NA,obstruction
-2095 60 23,gravel,NA,NA,NA,obstruction
-2095 61 23,gravel,NA,NA,NA,obstruction
-2180 60 24,gravel,NA,NA,NA,obstruction
-2180 61 24,gravel,NA,NA,NA,obstruction
-2180 62 24,gravel,NA,NA,NA,obstruction
-2162 60 24,gravel,NA,NA,NA,obstruction
-2162 61 24,gravel,NA,NA,NA,obstruction
-2162 62 24,gravel,NA,NA,NA,obstruction
-2154 60 24,gravel,NA,NA,NA,obstruction
-2154 61 24,gravel,NA,NA,NA,obstruction
-2154 62 24,gravel,NA,NA,NA,obstruction
-2149 60 24,gravel,NA,NA,NA,obstruction
-2148 60 24,gravel,NA,NA,NA,obstruction
-2147 60 24,gravel,NA,NA,NA,obstruction
-2147 61 24,gravel,NA,NA,NA,obstruction
-2126 60 24,gravel,NA,NA,NA,obstruction
-2125 60 24,gravel,NA,NA,NA,obstruction
-2125 61 24,gravel,NA,NA,NA,obstruction
-2125 62 24,gravel,NA,NA,NA,obstruction
-2113 60 24,gravel,NA,NA,NA,obstruction
-2113 61 24,gravel,NA,NA,NA,obstruction
-2113 62 24,gravel,NA,NA,NA,obstruction
-2107 60 24,gravel,NA,NA,NA,obstruction
-2107 61 24,gravel,NA,NA,NA,obstruction
-2095 60 24,gravel,NA,NA,NA,obstruction
-2095 61 24,gravel,NA,NA,NA,obstruction
-2095 62 24,gravel,NA,NA,NA,obstruction
-2168 60 25,gravel,NA,NA,NA,obstruction
-2168 61 25,gravel,NA,NA,NA,obstruction
-2168 62 25,gravel,NA,NA,NA,obstruction
-2147 60 25,gravel,NA,NA,NA,obstruction
-2147 61 25,gravel,NA,NA,NA,obstruction
-2147 62 25,gravel,NA,NA,NA,obstruction
-2113 60 25,gravel,NA,NA,NA,obstruction
-2113 61 25,gravel,NA,NA,NA,obstruction
-2107 60 25,gravel,NA,NA,NA,obstruction
-2107 61 25,gravel,NA,NA,NA,obstruction
-2107 62 25,gravel,NA,NA,NA,obstruction
-2095 60 25,gravel,NA,NA,NA,obstruction
-2095 61 25,gravel,NA,NA,NA,obstruction
-2157 60 26,gravel,NA,NA,NA,obstruction
-2156 60 26,gravel,NA,NA,NA,obstruction
-2155 60 26,gravel,NA,NA,NA,obstruction
-2133 60 26,gravel,NA,NA,NA,obstruction
-2133 61 26,gravel,NA,NA,NA,obstruction
-2133 62 26,gravel,NA,NA,NA,obstruction
-2132 60 26,gravel,NA,NA,NA,obstruction
-2132 61 26,gravel,NA,NA,NA,obstruction
-2131 60 26,gravel,NA,NA,NA,obstruction
-2131 61 26,gravel,NA,NA,NA,obstruction
-2131 62 26,gravel,NA,NA,NA,obstruction
-2130 60 26,gravel,NA,NA,NA,obstruction
-2130 61 26,gravel,NA,NA,NA,obstruction
-2113 60 26,gravel,NA,NA,NA,obstruction
-2113 61 26,gravel,NA,NA,NA,obstruction
-2113 62 26,gravel,NA,NA,NA,obstruction
-2107 60 26,gravel,NA,NA,NA,obstruction
-2107 61 26,gravel,NA,NA,NA,obstruction
-2095 60 26,gravel,NA,NA,NA,obstruction
-2095 61 26,gravel,NA,NA,NA,obstruction
-2095 62 26,gravel,NA,NA,NA,obstruction
-2130 59 27,block_rubble_collapse,NA,-2130 60 27 -2130 62 27,NA,collapse threat
-2113 60 27,gravel,NA,NA,NA,obstruction
-2113 61 27,gravel,NA,NA,NA,obstruction
-2107 60 27,gravel,NA,NA,NA,obstruction
-2107 61 27,gravel,NA,NA,NA,obstruction
-2107 62 27,gravel,NA,NA,NA,obstruction
-2095 60 27,gravel,NA,NA,NA,obstruction
-2095 61 27,gravel,NA,NA,NA,obstruction
-2182 60 28,gravel,NA,NA,NA,obstruction
-2113 60 28,gravel,NA,NA,NA,obstruction
-2113 61 28,gravel,NA,NA,NA,obstruction
-2113 62 28,gravel,NA,NA,NA,obstruction
-2109 60 28,gravel,NA,NA,NA,obstruction
-2108 60 28,gravel,NA,NA,NA,obstruction
-2108 61 28,gravel,NA,NA,NA,obstruction
-2108 62 28,gravel,NA,NA,NA,obstruction
-2107 60 28,gravel,NA,NA,NA,obstruction
-2107 61 28,gravel,NA,NA,NA,obstruction
-2204 60 29,gravel,NA,NA,NA,obstruction
-2204 61 29,gravel,NA,NA,NA,obstruction
-2197 60 29,gravel,NA,NA,NA,obstruction
-2197 61 29,gravel,NA,NA,NA,obstruction
-2182 60 29,gravel,NA,NA,NA,obstruction
-2182 61 29,gravel,NA,NA,NA,obstruction
-2182 62 29,gravel,NA,NA,NA,obstruction
-2169 60 29,block_victim_proximity,NA,NA,NA,victim
-2162 60 29,gravel,NA,NA,NA,obstruction
-2162 61 29,gravel,NA,NA,NA,obstruction
-2162 62 29,gravel,NA,NA,NA,obstruction
-2113 60 29,gravel,NA,NA,NA,obstruction
-2113 61 29,gravel,NA,NA,NA,obstruction
-2094 60 29,gravel,NA,NA,NA,obstruction
-2094 61 29,gravel,NA,NA,NA,obstruction
-2204 60 30,gravel,NA,NA,NA,obstruction
-2204 61 30,gravel,NA,NA,NA,obstruction
-2204 62 30,gravel,NA,NA,NA,obstruction
-2197 60 30,gravel,NA,NA,NA,obstruction
-2197 61 30,gravel,NA,NA,NA,obstruction
-2197 62 30,gravel,NA,NA,NA,obstruction
-2184 60 30,block_victim_proximity,NA,NA,NA,victim
-2182 60 30,gravel,NA,NA,NA,obstruction
-2182 61 30,gravel,NA,NA,NA,obstruction
-2167 60 30,gravel,NA,NA,NA,obstruction
-2167 61 30,gravel,NA,NA,NA,obstruction
-2167 62 30,gravel,NA,NA,NA,obstruction
-2127 60 30,gravel,NA,NA,NA,obstruction
-2126 60 30,gravel,NA,NA,NA,obstruction
-2126 61 30,gravel,NA,NA,NA,obstruction
-2125 60 30,gravel,NA,NA,NA,obstruction
-2125 61 30,gravel,NA,NA,NA,obstruction
-2125 62 30,gravel,NA,NA,NA,obstruction
-2124 60 30,gravel,NA,NA,NA,obstruction
-2124 61 30,gravel,NA,NA,NA,obstruction
-2124 62 30,gravel,NA,NA,NA,obstruction
-2113 60 30,gravel,NA,NA,NA,obstruction
-2113 61 30,gravel,NA,NA,NA,obstruction
-2113 62 30,gravel,NA,NA,NA,obstruction
-2112 60 30,gravel,NA,NA,NA,obstruction
-2112 61 30,gravel,NA,NA,NA,obstruction
-2111 60 30,gravel,NA,NA,NA,obstruction
-2094 60 30,gravel,NA,NA,NA,obstruction
-2094 61 30,gravel,NA,NA,NA,obstruction
-2094 62 30,gravel,NA,NA,NA,obstruction
-2089 60 30,gravel,NA,NA,NA,obstruction
-2089 61 30,gravel,NA,NA,NA,obstruction
-2204 60 31,gravel,NA,NA,NA,obstruction
-2204 61 31,gravel,NA,NA,NA,obstruction
-2197 60 31,gravel,NA,NA,NA,obstruction
-2197 61 31,gravel,NA,NA,NA,obstruction
-2184 60 31,gravel,NA,NA,NA,obstruction
-2184 61 31,gravel,NA,NA,NA,obstruction
-2183 60 31,gravel,NA,NA,NA,obstruction
-2183 61 31,gravel,NA,NA,NA,obstruction
-2182 60 31,gravel,NA,NA,NA,obstruction
-2182 61 31,gravel,NA,NA,NA,obstruction
-2127 60 31,gravel,NA,NA,NA,obstruction
-2094 60 31,gravel,NA,NA,NA,obstruction
-2094 61 31,gravel,NA,NA,NA,obstruction
-2089 60 31,gravel,NA,NA,NA,obstruction
-2089 61 31,gravel,NA,NA,NA,obstruction
-2204 60 32,gravel,NA,NA,NA,obstruction
-2204 61 32,gravel,NA,NA,NA,obstruction
-2204 62 32,gravel,NA,NA,NA,obstruction
-2197 60 32,gravel,NA,NA,NA,obstruction
-2197 61 32,gravel,NA,NA,NA,obstruction
-2197 62 32,gravel,NA,NA,NA,obstruction
-2094 60 32,gravel,NA,NA,NA,obstruction
-2094 61 32,gravel,NA,NA,NA,obstruction
-2094 62 32,gravel,NA,NA,NA,obstruction
-2089 60 32,gravel,NA,NA,NA,obstruction
-2089 61 32,gravel,NA,NA,NA,obstruction
-2209 60 33,gravel,NA,NA,NA,obstruction
-2209 61 33,gravel,NA,NA,NA,obstruction
-2209 62 33,gravel,NA,NA,NA,obstruction
-2208 60 33,gravel,NA,NA,NA,obstruction
-2208 61 33,gravel,NA,NA,NA,obstruction
-2208 62 33,gravel,NA,NA,NA,obstruction
-2204 60 33,gravel,NA,NA,NA,obstruction
-2204 61 33,gravel,NA,NA,NA,obstruction
-2197 60 33,gravel,NA,NA,NA,obstruction
-2197 61 33,gravel,NA,NA,NA,obstruction
-2128 60 33,block_victim_proximity,NA,NA,NA,victim
-2126 60 33,gravel,NA,NA,NA,obstruction
-2126 61 33,gravel,NA,NA,NA,obstruction
-2126 62 33,gravel,NA,NA,NA,obstruction
-2124 60 33,gravel,NA,NA,NA,obstruction
-2124 61 33,gravel,NA,NA,NA,obstruction
-2124 62 33,gravel,NA,NA,NA,obstruction
-2112 60 33,gravel,NA,NA,NA,obstruction
-2112 61 33,gravel,NA,NA,NA,obstruction
-2112 62 33,gravel,NA,NA,NA,obstruction
-2109 60 33,block_victim_1,NA,NA,NA,victim
-2108 60 33,gravel,NA,NA,NA,obstruction
-2108 61 33,gravel,NA,NA,NA,obstruction
-2108 62 33,gravel,NA,NA,NA,obstruction
-2094 60 33,gravel,NA,NA,NA,obstruction
-2094 61 33,gravel,NA,NA,NA,obstruction
-2090 60 33,gravel,NA,NA,NA,obstruction
-2090 61 33,gravel,NA,NA,NA,obstruction
-2090 62 33,gravel,NA,NA,NA,obstruction
-2089 60 33,gravel,NA,NA,NA,obstruction
-2089 61 33,gravel,NA,NA,NA,obstruction
-2089 62 33,gravel,NA,NA,NA,obstruction
-2204 60 34,gravel,NA,NA,NA,obstruction
-2204 61 34,gravel,NA,NA,NA,obstruction
-2204 62 34,gravel,NA,NA,NA,obstruction
-2202 60 34,gravel,NA,NA,NA,obstruction
-2202 61 34,gravel,NA,NA,NA,obstruction
-2202 62 34,gravel,NA,NA,NA,obstruction
-2199 60 34,gravel,NA,NA,NA,obstruction
-2199 61 34,gravel,NA,NA,NA,obstruction
-2199 62 34,gravel,NA,NA,NA,obstruction
-2197 60 34,gravel,NA,NA,NA,obstruction
-2197 61 34,gravel,NA,NA,NA,obstruction
-2197 62 34,gravel,NA,NA,NA,obstruction
-2126 60 34,gravel,NA,NA,NA,obstruction
-2126 61 34,gravel,NA,NA,NA,obstruction
-2112 60 34,gravel,NA,NA,NA,obstruction
-2112 61 34,gravel,NA,NA,NA,obstruction
-2108 60 34,gravel,NA,NA,NA,obstruction
-2108 61 34,gravel,NA,NA,NA,obstruction
-2094 60 34,gravel,NA,NA,NA,obstruction
-2094 61 34,gravel,NA,NA,NA,obstruction
-2094 62 34,gravel,NA,NA,NA,obstruction
-2181 60 35,gravel,NA,NA,NA,obstruction
-2181 61 35,gravel,NA,NA,NA,obstruction
-2173 60 35,block_victim_1,NA,NA,NA,victim
-2172 60 35,gravel,NA,NA,NA,obstruction
-2172 61 35,gravel,NA,NA,NA,obstruction
-2172 62 35,gravel,NA,NA,NA,obstruction
-2171 60 35,block_victim_1,NA,NA,NA,victim
-2140 60 35,gravel,NA,NA,NA,obstruction
-2140 61 35,gravel,NA,NA,NA,obstruction
-2140 62 35,gravel,NA,NA,NA,obstruction
-2138 60 35,gravel,NA,NA,NA,obstruction
-2138 61 35,gravel,NA,NA,NA,obstruction
-2126 60 35,gravel,NA,NA,NA,obstruction
-2126 61 35,gravel,NA,NA,NA,obstruction
-2126 62 35,gravel,NA,NA,NA,obstruction
-2112 60 35,gravel,NA,NA,NA,obstruction
-2112 61 35,gravel,NA,NA,NA,obstruction
-2112 62 35,gravel,NA,NA,NA,obstruction
-2108 60 35,gravel,NA,NA,NA,obstruction
-2108 61 35,gravel,NA,NA,NA,obstruction
-2108 62 35,gravel,NA,NA,NA,obstruction
-2094 60 35,gravel,NA,NA,NA,obstruction
-2094 61 35,gravel,NA,NA,NA,obstruction
-2208 60 36,gravel,NA,NA,NA,obstruction
-2208 61 36,gravel,NA,NA,NA,obstruction
-2203 60 36,gravel,NA,NA,NA,obstruction
-2203 61 36,gravel,NA,NA,NA,obstruction
-2203 62 36,gravel,NA,NA,NA,obstruction
-2200 60 36,gravel,NA,NA,NA,obstruction
-2200 61 36,gravel,NA,NA,NA,obstruction
-2192 60 36,gravel,NA,NA,NA,obstruction
-2192 61 36,gravel,NA,NA,NA,obstruction
-2181 60 36,gravel,NA,NA,NA,obstruction
-2181 61 36,gravel,NA,NA,NA,obstruction
-2181 62 36,gravel,NA,NA,NA,obstruction
-2165 60 36,gravel,NA,NA,NA,obstruction
-2165 61 36,gravel,NA,NA,NA,obstruction
-2140 60 36,gravel,NA,NA,NA,obstruction
-2140 61 36,gravel,NA,NA,NA,obstruction
-2140 62 36,gravel,NA,NA,NA,obstruction
-2139 60 36,gravel,NA,NA,NA,obstruction
-2139 61 36,gravel,NA,NA,NA,obstruction
-2139 62 36,gravel,NA,NA,NA,obstruction
-2138 60 36,gravel,NA,NA,NA,obstruction
-2138 61 36,gravel,NA,NA,NA,obstruction
-2126 60 36,gravel,NA,NA,NA,obstruction
-2126 61 36,gravel,NA,NA,NA,obstruction
-2112 60 36,gravel,NA,NA,NA,obstruction
-2112 61 36,gravel,NA,NA,NA,obstruction
-2111 60 36,block_victim_1,NA,NA,NA,victim
-2109 60 36,block_victim_1,NA,NA,NA,victim
-2108 60 36,gravel,NA,NA,NA,obstruction
-2108 61 36,gravel,NA,NA,NA,obstruction
-2094 60 36,gravel,NA,NA,NA,obstruction
-2094 61 36,gravel,NA,NA,NA,obstruction
-2094 62 36,gravel,NA,NA,NA,obstruction
-2208 60 37,gravel,NA,NA,NA,obstruction
-2208 61 37,gravel,NA,NA,NA,obstruction
-2208 62 37,gravel,NA,NA,NA,obstruction
-2203 60 37,gravel,NA,NA,NA,obstruction
-2203 61 37,gravel,NA,NA,NA,obstruction
-2200 60 37,gravel,NA,NA,NA,obstruction
-2200 61 37,gravel,NA,NA,NA,obstruction
-2200 62 37,gravel,NA,NA,NA,obstruction
-2181 60 37,gravel,NA,NA,NA,obstruction
-2181 61 37,gravel,NA,NA,NA,obstruction
-2173 60 37,gravel,NA,NA,NA,obstruction
-2173 61 37,gravel,NA,NA,NA,obstruction
-2172 60 37,gravel,NA,NA,NA,obstruction
-2172 61 37,gravel,NA,NA,NA,obstruction
-2172 62 37,gravel,NA,NA,NA,obstruction
-2171 60 37,gravel,NA,NA,NA,obstruction
-2171 61 37,gravel,NA,NA,NA,obstruction
-2166 60 37,gravel,NA,NA,NA,obstruction
-2166 61 37,gravel,NA,NA,NA,obstruction
-2166 62 37,gravel,NA,NA,NA,obstruction
-2165 60 37,gravel,NA,NA,NA,obstruction
-2165 61 37,gravel,NA,NA,NA,obstruction
-2165 62 37,gravel,NA,NA,NA,obstruction
-2126 60 37,gravel,NA,NA,NA,obstruction
-2126 61 37,gravel,NA,NA,NA,obstruction
-2126 62 37,gravel,NA,NA,NA,obstruction
-2112 60 37,gravel,NA,NA,NA,obstruction
-2112 61 37,gravel,NA,NA,NA,obstruction
-2112 62 37,gravel,NA,NA,NA,obstruction
-2108 60 37,gravel,NA,NA,NA,obstruction
-2108 61 37,gravel,NA,NA,NA,obstruction
-2108 62 37,gravel,NA,NA,NA,obstruction
-2106 60 37,gravel,NA,NA,NA,obstruction
-2106 61 37,gravel,NA,NA,NA,obstruction
-2181 60 38,gravel,NA,NA,NA,obstruction
-2181 61 38,gravel,NA,NA,NA,obstruction
-2181 62 38,gravel,NA,NA,NA,obstruction
-2166 60 38,block_victim_1,NA,NA,NA,victim
-2165 60 38,gravel,NA,NA,NA,obstruction
-2165 61 38,gravel,NA,NA,NA,obstruction
-2126 60 38,gravel,NA,NA,NA,obstruction
-2126 61 38,gravel,NA,NA,NA,obstruction
-2112 60 38,gravel,NA,NA,NA,obstruction
-2112 61 38,gravel,NA,NA,NA,obstruction
-2111 60 38,block_victim_1,NA,NA,NA,victim
-2108 60 38,gravel,NA,NA,NA,obstruction
-2108 61 38,gravel,NA,NA,NA,obstruction
-2106 59 38,block_rubble_collapse,NA,-2106 60 38 -2106 62 38,NA,collapse threat
-2099 60 38,gravel,NA,NA,NA,obstruction
-2099 61 38,gravel,NA,NA,NA,obstruction
-2096 60 38,gravel,NA,NA,NA,obstruction
-2173 60 39,gravel,NA,NA,NA,obstruction
-2173 61 39,gravel,NA,NA,NA,obstruction
-2173 62 39,gravel,NA,NA,NA,obstruction
-2172 59 39,block_rubble_collapse,NA,-2172 60 39 -2172 62 39,NA,collapse threat
-2171 60 39,gravel,NA,NA,NA,obstruction
-2171 61 39,gravel,NA,NA,NA,obstruction
-2171 62 39,gravel,NA,NA,NA,obstruction
-2165 60 39,gravel,NA,NA,NA,obstruction
-2165 61 39,gravel,NA,NA,NA,obstruction
-2165 62 39,gravel,NA,NA,NA,obstruction
-2137 60 39,block_victim_1,NA,NA,NA,victim
-2131 60 39,gravel,NA,NA,NA,obstruction
-2131 61 39,gravel,NA,NA,NA,obstruction
-2131 62 39,gravel,NA,NA,NA,obstruction
-2126 60 39,gravel,NA,NA,NA,obstruction
-2126 61 39,gravel,NA,NA,NA,obstruction
-2126 62 39,gravel,NA,NA,NA,obstruction
-2115 60 39,gravel,NA,NA,NA,obstruction
-2115 61 39,gravel,NA,NA,NA,obstruction
-2115 62 39,gravel,NA,NA,NA,obstruction
-2114 60 39,gravel,NA,NA,NA,obstruction
-2114 61 39,gravel,NA,NA,NA,obstruction
-2114 62 39,gravel,NA,NA,NA,obstruction
-2112 60 39,gravel,NA,NA,NA,obstruction
-2112 61 39,gravel,NA,NA,NA,obstruction
-2112 62 39,gravel,NA,NA,NA,obstruction
-2109 60 39,gravel,NA,NA,NA,obstruction
-2109 61 39,gravel,NA,NA,NA,obstruction
-2108 60 39,gravel,NA,NA,NA,obstruction
-2108 61 39,gravel,NA,NA,NA,obstruction
-2108 62 39,gravel,NA,NA,NA,obstruction
-2106 60 39,gravel,NA,NA,NA,obstruction
-2106 61 39,gravel,NA,NA,NA,obstruction
-2106 62 39,gravel,NA,NA,NA,obstruction
-2099 60 39,block_victim_proximity,NA,NA,NA,victim
-2096 60 39,gravel,NA,NA,NA,obstruction
-2096 61 39,gravel,NA,NA,NA,obstruction
-2096 62 39,gravel,NA,NA,NA,obstruction
-2165 60 40,gravel,NA,NA,NA,obstruction
-2165 61 40,gravel,NA,NA,NA,obstruction
-2139 60 40,block_victim_1,NA,NA,NA,victim
-2133 60 40,gravel,NA,NA,NA,obstruction
-2132 60 40,gravel,NA,NA,NA,obstruction
-2132 61 40,gravel,NA,NA,NA,obstruction
-2131 60 40,gravel,NA,NA,NA,obstruction
-2131 61 40,gravel,NA,NA,NA,obstruction
-2131 62 40,gravel,NA,NA,NA,obstruction
-2128 60 40,gravel,NA,NA,NA,obstruction
-2127 60 40,gravel,NA,NA,NA,obstruction
-2127 61 40,gravel,NA,NA,NA,obstruction
-2127 62 40,gravel,NA,NA,NA,obstruction
-2126 60 40,gravel,NA,NA,NA,obstruction
-2126 61 40,gravel,NA,NA,NA,obstruction
-2114 59 40,block_rubble_collapse,NA,-2114 60 40 -2114 62 40,NA,collapse threat
-2112 60 40,gravel,NA,NA,NA,obstruction
-2112 61 40,gravel,NA,NA,NA,obstruction
-2096 60 40,gravel,NA,NA,NA,obstruction
-2096 61 40,gravel,NA,NA,NA,obstruction
-2174 60 41,gravel,NA,NA,NA,obstruction
-2174 61 41,gravel,NA,NA,NA,obstruction
-2174 62 41,gravel,NA,NA,NA,obstruction
-2165 60 41,gravel,NA,NA,NA,obstruction
-2165 61 41,gravel,NA,NA,NA,obstruction
-2165 62 41,gravel,NA,NA,NA,obstruction
-2145 60 41,block_victim_1,NA,NA,NA,victim
-2112 60 41,gravel,NA,NA,NA,obstruction
-2112 61 41,gravel,NA,NA,NA,obstruction
-2112 62 41,gravel,NA,NA,NA,obstruction
-2096 60 41,gravel,NA,NA,NA,obstruction
-2096 61 41,gravel,NA,NA,NA,obstruction
-2096 62 41,gravel,NA,NA,NA,obstruction
-2182 60 42,block_victim_1,NA,NA,NA,victim
-2179 60 42,block_victim_1,NA,NA,NA,victim
-2174 60 42,gravel,NA,NA,NA,obstruction
-2174 61 42,gravel,NA,NA,NA,obstruction
-2174 62 42,gravel,NA,NA,NA,obstruction
-2139 60 42,gravel,NA,NA,NA,obstruction
-2139 61 42,gravel,NA,NA,NA,obstruction
-2139 62 42,gravel,NA,NA,NA,obstruction
-2138 60 42,gravel,NA,NA,NA,obstruction
-2138 61 42,gravel,NA,NA,NA,obstruction
-2138 62 42,gravel,NA,NA,NA,obstruction
-2137 59 42,block_rubble_collapse,NA,-2137 60 42 -2137 62 42,NA,collapse threat
-2096 60 42,gravel,NA,NA,NA,obstruction
-2096 61 42,gravel,NA,NA,NA,obstruction
-2174 60 43,gravel,NA,NA,NA,obstruction
-2174 61 43,gravel,NA,NA,NA,obstruction
-2174 62 43,gravel,NA,NA,NA,obstruction
-2146 60 43,gravel,NA,NA,NA,obstruction
-2146 61 43,gravel,NA,NA,NA,obstruction
-2145 60 43,gravel,NA,NA,NA,obstruction
-2145 61 43,gravel,NA,NA,NA,obstruction
-2145 62 43,gravel,NA,NA,NA,obstruction
-2144 60 43,gravel,NA,NA,NA,obstruction
-2144 61 43,gravel,NA,NA,NA,obstruction
-2143 60 43,gravel,NA,NA,NA,obstruction
-2143 61 43,gravel,NA,NA,NA,obstruction
-2143 62 43,gravel,NA,NA,NA,obstruction
-2096 60 43,gravel,NA,NA,NA,obstruction
-2096 61 43,gravel,NA,NA,NA,obstruction
-2096 62 43,gravel,NA,NA,NA,obstruction
-2182 60 44,gravel,NA,NA,NA,obstruction
-2182 61 44,gravel,NA,NA,NA,obstruction
-2181 60 44,gravel,NA,NA,NA,obstruction
-2181 61 44,gravel,NA,NA,NA,obstruction
-2181 62 44,gravel,NA,NA,NA,obstruction
-2180 60 44,gravel,NA,NA,NA,obstruction
-2180 61 44,gravel,NA,NA,NA,obstruction
-2179 60 44,gravel,NA,NA,NA,obstruction
-2179 61 44,gravel,NA,NA,NA,obstruction
-2179 62 44,gravel,NA,NA,NA,obstruction
-2169 60 44,gravel,NA,NA,NA,obstruction
-2169 61 44,gravel,NA,NA,NA,obstruction
-2169 62 44,gravel,NA,NA,NA,obstruction
-2096 60 44,gravel,NA,NA,NA,obstruction
-2096 61 44,gravel,NA,NA,NA,obstruction
-2140 60 45,gravel,NA,NA,NA,obstruction
-2140 61 45,gravel,NA,NA,NA,obstruction
-2140 62 45,gravel,NA,NA,NA,obstruction
-2139 60 45,gravel,NA,NA,NA,obstruction
-2139 61 45,gravel,NA,NA,NA,obstruction
-2138 60 45,gravel,NA,NA,NA,obstruction
-2138 61 45,gravel,NA,NA,NA,obstruction
-2138 62 45,gravel,NA,NA,NA,obstruction
-2137 60 45,gravel,NA,NA,NA,obstruction
-2137 61 45,gravel,NA,NA,NA,obstruction
-2136 60 45,gravel,NA,NA,NA,obstruction
-2136 61 45,gravel,NA,NA,NA,obstruction
-2136 62 45,gravel,NA,NA,NA,obstruction
-2133 60 45,gravel,NA,NA,NA,obstruction
-2133 61 45,gravel,NA,NA,NA,obstruction
-2113 60 45,gravel,NA,NA,NA,obstruction
-2113 61 45,gravel,NA,NA,NA,obstruction
-2096 60 45,gravel,NA,NA,NA,obstruction
-2096 61 45,gravel,NA,NA,NA,obstruction
-2096 62 45,gravel,NA,NA,NA,obstruction
-2180 59 46,block_rubble_collapse,NA,-2180 60 46 -2180 62 46,NA,collapse threat
-2179 60 46,gravel,NA,NA,NA,obstruction
-2179 61 46,gravel,NA,NA,NA,obstruction
-2179 62 46,gravel,NA,NA,NA,obstruction
-2178 60 46,gravel,NA,NA,NA,obstruction
-2178 61 46,gravel,NA,NA,NA,obstruction
-2178 62 46,gravel,NA,NA,NA,obstruction
-2177 60 46,gravel,NA,NA,NA,obstruction
-2177 61 46,gravel,NA,NA,NA,obstruction
-2177 62 46,gravel,NA,NA,NA,obstruction
-2176 60 46,gravel,NA,NA,NA,obstruction
-2176 61 46,gravel,NA,NA,NA,obstruction
-2176 62 46,gravel,NA,NA,NA,obstruction
-2133 60 46,gravel,NA,NA,NA,obstruction
-2133 61 46,gravel,NA,NA,NA,obstruction
-2133 62 46,gravel,NA,NA,NA,obstruction
-2128 60 46,gravel,NA,NA,NA,obstruction
-2128 61 46,gravel,NA,NA,NA,obstruction
-2113 60 46,gravel,NA,NA,NA,obstruction
-2113 61 46,gravel,NA,NA,NA,obstruction
-2112 60 46,block_victim_1,NA,NA,NA,victim
-2197 60 47,gravel,NA,NA,NA,obstruction
-2197 61 47,gravel,NA,NA,NA,obstruction
-2197 62 47,gravel,NA,NA,NA,obstruction
-2195 60 47,block_victim_1,NA,NA,NA,victim
-2161 60 47,gravel,NA,NA,NA,obstruction
-2161 61 47,gravel,NA,NA,NA,obstruction
-2160 60 47,gravel,NA,NA,NA,obstruction
-2160 61 47,gravel,NA,NA,NA,obstruction
-2133 60 47,gravel,NA,NA,NA,obstruction
-2133 61 47,gravel,NA,NA,NA,obstruction
-2132 60 47,block_victim_1,NA,NA,NA,victim
-2128 60 47,gravel,NA,NA,NA,obstruction
-2128 61 47,gravel,NA,NA,NA,obstruction
-2128 62 47,gravel,NA,NA,NA,obstruction
-2126 60 47,gravel,NA,NA,NA,obstruction
-2126 61 47,gravel,NA,NA,NA,obstruction
-2113 60 47,gravel,NA,NA,NA,obstruction
-2113 61 47,gravel,NA,NA,NA,obstruction
-2113 62 47,gravel,NA,NA,NA,obstruction
-2108 60 47,gravel,NA,NA,NA,obstruction
-2108 61 47,gravel,NA,NA,NA,obstruction
-2098 60 47,gravel,NA,NA,NA,obstruction
-2098 61 47,gravel,NA,NA,NA,obstruction
-2098 62 47,gravel,NA,NA,NA,obstruction
-2092 60 47,block_victim_1,NA,NA,NA,victim
-2221 60 48,block_victim_proximity,NA,NA,NA,victim
-2220 60 48,gravel,NA,NA,NA,obstruction
-2220 61 48,gravel,NA,NA,NA,obstruction
-2220 62 48,gravel,NA,NA,NA,obstruction
-2133 60 48,gravel,NA,NA,NA,obstruction
-2133 61 48,gravel,NA,NA,NA,obstruction
-2133 62 48,gravel,NA,NA,NA,obstruction
-2128 60 48,gravel,NA,NA,NA,obstruction
-2128 61 48,gravel,NA,NA,NA,obstruction
-2126 60 48,gravel,NA,NA,NA,obstruction
-2126 61 48,gravel,NA,NA,NA,obstruction
-2126 62 48,gravel,NA,NA,NA,obstruction
-2113 60 48,gravel,NA,NA,NA,obstruction
-2113 61 48,gravel,NA,NA,NA,obstruction
-2108 60 48,gravel,NA,NA,NA,obstruction
-2108 61 48,gravel,NA,NA,NA,obstruction
-2108 62 48,gravel,NA,NA,NA,obstruction
-2098 60 48,gravel,NA,NA,NA,obstruction
-2098 61 48,gravel,NA,NA,NA,obstruction
-2220 60 49,gravel,NA,NA,NA,obstruction
-2220 61 49,gravel,NA,NA,NA,obstruction
-2182 60 49,gravel,NA,NA,NA,obstruction
-2182 61 49,gravel,NA,NA,NA,obstruction
-2133 60 49,gravel,NA,NA,NA,obstruction
-2133 61 49,gravel,NA,NA,NA,obstruction
-2126 60 49,gravel,NA,NA,NA,obstruction
-2126 61 49,gravel,NA,NA,NA,obstruction
-2108 60 49,gravel,NA,NA,NA,obstruction
-2108 61 49,gravel,NA,NA,NA,obstruction
-2098 60 49,gravel,NA,NA,NA,obstruction
-2098 61 49,gravel,NA,NA,NA,obstruction
-2098 62 49,gravel,NA,NA,NA,obstruction
-2223 60 50,gravel,NA,NA,NA,obstruction
-2222 60 50,gravel,NA,NA,NA,obstruction
-2222 61 50,gravel,NA,NA,NA,obstruction
-2222 62 50,gravel,NA,NA,NA,obstruction
-2221 60 50,gravel,NA,NA,NA,obstruction
-2221 61 50,gravel,NA,NA,NA,obstruction
-2220 60 50,gravel,NA,NA,NA,obstruction
-2220 61 50,gravel,NA,NA,NA,obstruction
-2220 62 50,gravel,NA,NA,NA,obstruction
-2182 60 50,gravel,NA,NA,NA,obstruction
-2182 61 50,gravel,NA,NA,NA,obstruction
-2181 60 50,block_victim_1,NA,NA,NA,victim
-2147 60 50,gravel,NA,NA,NA,obstruction
-2147 61 50,gravel,NA,NA,NA,obstruction
-2126 60 50,gravel,NA,NA,NA,obstruction
-2126 61 50,gravel,NA,NA,NA,obstruction
-2126 62 50,gravel,NA,NA,NA,obstruction
-2108 60 50,gravel,NA,NA,NA,obstruction
-2108 61 50,gravel,NA,NA,NA,obstruction
-2108 62 50,gravel,NA,NA,NA,obstruction
-2147 60 51,gravel,NA,NA,NA,obstruction
-2147 61 51,gravel,NA,NA,NA,obstruction
-2126 60 51,gravel,NA,NA,NA,obstruction
-2126 61 51,gravel,NA,NA,NA,obstruction
-2109 60 51,block_victim_1,NA,NA,NA,victim
-2108 60 51,gravel,NA,NA,NA,obstruction
-2108 61 51,gravel,NA,NA,NA,obstruction
-2098 60 51,gravel,NA,NA,NA,obstruction
-2098 61 51,gravel,NA,NA,NA,obstruction
-2098 62 51,gravel,NA,NA,NA,obstruction
-2092 60 51,gravel,NA,NA,NA,obstruction
-2092 61 51,gravel,NA,NA,NA,obstruction
-2160 60 52,block_victim_1,NA,NA,NA,victim
-2159 60 52,gravel,NA,NA,NA,obstruction
-2147 60 52,gravel,NA,NA,NA,obstruction
-2147 61 52,gravel,NA,NA,NA,obstruction
-2108 60 52,gravel,NA,NA,NA,obstruction
-2108 61 52,gravel,NA,NA,NA,obstruction
-2108 62 52,gravel,NA,NA,NA,obstruction
-2098 60 52,gravel,NA,NA,NA,obstruction
-2098 61 52,gravel,NA,NA,NA,obstruction
-2092 60 52,gravel,NA,NA,NA,obstruction
-2092 61 52,gravel,NA,NA,NA,obstruction
-2092 62 52,gravel,NA,NA,NA,obstruction
-2204 60 53,gravel,NA,NA,NA,obstruction
-2204 61 53,gravel,NA,NA,NA,obstruction
-2204 62 53,gravel,NA,NA,NA,obstruction
-2160 60 53,gravel,NA,NA,NA,obstruction
-2159 60 53,gravel,NA,NA,NA,obstruction
-2147 60 53,gravel,NA,NA,NA,obstruction
-2147 61 53,gravel,NA,NA,NA,obstruction
-2108 60 53,gravel,NA,NA,NA,obstruction
-2108 61 53,gravel,NA,NA,NA,obstruction
-2098 60 53,gravel,NA,NA,NA,obstruction
-2098 61 53,gravel,NA,NA,NA,obstruction
-2098 62 53,gravel,NA,NA,NA,obstruction
-2092 60 53,gravel,NA,NA,NA,obstruction
-2092 61 53,gravel,NA,NA,NA,obstruction
-2114 60 55,gravel,NA,NA,NA,obstruction
-2114 61 55,gravel,NA,NA,NA,obstruction
-2114 62 55,gravel,NA,NA,NA,obstruction
-2113 60 55,gravel,NA,NA,NA,obstruction
-2113 61 55,gravel,NA,NA,NA,obstruction
-2113 62 55,gravel,NA,NA,NA,obstruction
-2112 60 55,gravel,NA,NA,NA,obstruction
-2112 61 55,gravel,NA,NA,NA,obstruction
-2222 60 57,block_victim_1,NA,NA,NA,victim
-2221 60 57,gravel,NA,NA,NA,obstruction
-2221 61 57,gravel,NA,NA,NA,obstruction
-2221 62 57,gravel,NA,NA,NA,obstruction
